"Tweet id","Tweet permalink","Tweet text","time","impressions","engagements","engagement rate","retweets","replies","likes","user profile clicks","url clicks","hashtag clicks","detail expands","permalink clicks","app opens","app installs","follows","email tweet","dial phone","media views","media engagements","promoted impressions","promoted engagements","promoted engagement rate","promoted retweets","promoted replies","promoted likes","promoted user profile clicks","promoted url clicks","promoted hashtag clicks","promoted detail expands","promoted permalink clicks","promoted app opens","promoted app installs","promoted follows","promoted email tweet","promoted dial phone","promoted media views","promoted media engagements"
"1368961191255502848","https://twitter.com/paulapivat/status/1368961191255502848","Day 8/

60kg x 5 Bench
60kg x 2 row
35 pull-ups

2 mi walk

Warm-up: 20 sets in 19:01 mins
4 Burpees
6 Air squats
8 Sit-ups

cc: @j8son_ @austinschless @dbustac    switchin it up today https://t.co/rrKJB3yAyg","2021-03-08 16:25 +0000","36.0","5.0","0.1388888888888889","0.0","1.0","2.0","0.0","0.0","0.0","2.0","0.0","0","0","0","0","0","0","0","-","-","-","-","-","-","-","-","-","-","-","-","-","-","-","-","-","-"
"1368946623598927878","https://twitter.com/paulapivat/status/1368946623598927878","@csoakley For sure Chris!","2021-03-08 15:28 +0000","14.0","1.0","0.07142857142857142","0.0","0.0","1.0","0.0","0.0","0.0","0.0","0.0","0","0","0","0","0","0","0","-","-","-","-","-","-","-","-","-","-","-","-","-","-","-","-","-","-"
"1368945642949603329","https://twitter.com/paulapivat/status/1368945642949603329","@csoakley I manually entered this, but you could download a csv file from https://t.co/JptasheTSG as well. There‚Äôs pros and cons to both approaches.","2021-03-08 15:24 +0000","14.0","1.0","0.07142857142857142","0.0","1.0","0.0","0.0","0.0","0.0","0.0","0.0","0","0","0","0","0","0","0","-","-","-","-","-","-","-","-","-","-","-","-","-","-","-","-","-","-"
"1368833297535488000","https://twitter.com/paulapivat/status/1368833297535488000","@csoakley wow...1998, that's a keeper.","2021-03-08 07:57 +0000","43.0","3.0","0.06976744186046512","0.0","0.0","2.0","1.0","0.0","0.0","0.0","0.0","0","0","0","0","0","0","0","-","-","-","-","-","-","-","-","-","-","-","-","-","-","-","-","-","-"
"1368832936221405186","https://twitter.com/paulapivat/status/1368832936221405186","@jessekmcintosh I love me some guacamole too. 

I've picked my fair share of the dark too-mushy avocado. I try giving it a light squeeze, but yea...pretty hit-or-miss too ü§îü•ë","2021-03-08 07:56 +0000","23.0","1.0","0.043478260869565216","0.0","0.0","1.0","0.0","0.0","0.0","0.0","0.0","0","0","0","0","0","0","0","-","-","-","-","-","-","-","-","-","-","-","-","-","-","-","-","-","-"
"1368832290936086533","https://twitter.com/paulapivat/status/1368832290936086533","@lscratch Very insightful! 

I'll try delaying self-talk and make sure I get enough Oxygen and a Cold shower next time I get worked upüöø","2021-03-08 07:53 +0000","41.0","2.0","0.04878048780487805","0.0","1.0","0.0","1.0","0.0","0.0","0.0","0.0","0","0","0","0","0","0","0","-","-","-","-","-","-","-","-","-","-","-","-","-","-","-","-","-","-"
"1368831208533073923","https://twitter.com/paulapivat/status/1368831208533073923","@only40proof Very true, being a parent is very purposeful.","2021-03-08 07:49 +0000","23.0","7.0","0.30434782608695654","0.0","0.0","1.0","1.0","0.0","0.0","5.0","0.0","0","0","0","0","0","0","0","-","-","-","-","-","-","-","-","-","-","-","-","-","-","-","-","-","-"
"1368830882329493509","https://twitter.com/paulapivat/status/1368830882329493509","@William3Willis @gentoftech @DCuplink @obsdmd @sscotty Same here for Obsidian!","2021-03-08 07:48 +0000","22.0","3.0","0.13636363636363635","0.0","0.0","2.0","1.0","0.0","0.0","0.0","0.0","0","0","0","0","0","0","0","-","-","-","-","-","-","-","-","-","-","-","-","-","-","-","-","-","-"
"1368830309781807104","https://twitter.com/paulapivat/status/1368830309781807104","@jennytaly very relatable. I notice similar dynamics playing out across many families. People who ""just know"" are indeed lucky. 

The rest of us, well..we have to keep looking.","2021-03-08 07:45 +0000","27.0","0.0","0.0","0.0","0.0","0.0","0.0","0.0","0.0","0.0","0.0","0","0","0","0","0","0","0","-","-","-","-","-","-","-","-","-","-","-","-","-","-","-","-","-","-"
"1368810535202922499","https://twitter.com/paulapivat/status/1368810535202922499","Day 61:

What is data-driven writing?

#ship30for30 

https://t.co/vdD1rWcwQ8","2021-03-08 06:27 +0000","62.0","0.0","0.0","0.0","0.0","0.0","0.0","0.0","0.0","0.0","0.0","0","0","0","0","0","0","0","-","-","-","-","-","-","-","-","-","-","-","-","-","-","-","-","-","-"
"1368810311357112323","https://twitter.com/paulapivat/status/1368810311357112323","Alternative interpretations of these numbers are welcomedüôè.

DM's open if you want to run a similar analysis on your own writing #ship30for30","2021-03-08 06:26 +0000","73.0","1.0","0.0136986301369863","0.0","0.0","1.0","0.0","0.0","0.0","0.0","0.0","0","0","0","0","0","0","0","-","-","-","-","-","-","-","-","-","-","-","-","-","-","-","-","-","-"
"1368810309201272834","https://twitter.com/paulapivat/status/1368810309201272834","I do think there's value in ""manually"" going through past essays to collect the numbers.

Here's a thread for all my essays: https://t.co/07PHIrEyDm

Alternatively, you could use: https://t.co/qj03m7VZsc but there are other tweets to sift through.","2021-03-08 06:26 +0000","82.0","2.0","0.024390243902439025","0.0","1.0","0.0","0.0","1.0","0.0","0.0","0.0","0","0","0","0","0","0","0","-","-","-","-","-","-","-","-","-","-","-","-","-","-","-","-","-","-"
"1368810307036999685","https://twitter.com/paulapivat/status/1368810307036999685","Four of the top 5 involved my personal perspectives on accomplishing a data or coding task. 

Three of the top 5 had tangible take-aways or a broader motivational message. 

My top atomic essay was about finding Data Science Project Ideas.","2021-03-08 06:26 +0000","42.0","1.0","0.023809523809523808","0.0","1.0","0.0","0.0","0.0","0.0","0.0","0.0","0","0","0","0","0","0","0","-","-","-","-","-","-","-","-","-","-","-","-","-","-","-","-","-","-"
"1368810304805609475","https://twitter.com/paulapivat/status/1368810304805609475","Top performing essays (Likes Ratio) were: 

Days: 

25: https://t.co/eBmgTLw4Lj
20: https://t.co/By1VosfKtt
42: https://t.co/kHjtUnBAKC
10: https://t.co/5jWgzQP2xt
8  : https://t.co/3Z7oVkqGSS","2021-03-08 06:26 +0000","49.0","2.0","0.04081632653061224","0.0","1.0","0.0","0.0","1.0","0.0","0.0","0.0","0","0","0","0","0","0","0","-","-","-","-","-","-","-","-","-","-","-","-","-","-","-","-","-","-"
"1368810303039803393","https://twitter.com/paulapivat/status/1368810303039803393","I wonder if i'm overusing questions in my lead-in tweets ü§î

They to do better when I answer the question without revealing anything. 

My top lead-in tweets had a clear countable take-aways for the reader (e.g., 5 concepts or 52 options).","2021-03-08 06:26 +0000","39.0","1.0","0.02564102564102564","0.0","1.0","0.0","0.0","0.0","0.0","0.0","0.0","0","0","0","0","0","0","0","-","-","-","-","-","-","-","-","-","-","-","-","-","-","-","-","-","-"
"1368810301118771201","https://twitter.com/paulapivat/status/1368810301118771201","Top lead-in tweets (Media Engagement per Impression)

Days:

32: https://t.co/cLxB8iPONu
46: https://t.co/5f9DS0sbxv
55: https://t.co/agrO5wF6Th
54: https://t.co/lNTAAN6AFH
2  : https://t.co/86QmmsK5UT","2021-03-08 06:26 +0000","40.0","1.0","0.025","0.0","1.0","0.0","0.0","0.0","0.0","0.0","0.0","0","0","0","0","0","0","0","-","-","-","-","-","-","-","-","-","-","-","-","-","-","-","-","-","-"
"1368810298661085185","https://twitter.com/paulapivat/status/1368810298661085185","I tried to get cute with some fancy programming language, but realized good ol' excel was best suited for this task.

Here are my metrics https://t.co/NYBkPQbOa0","2021-03-08 06:26 +0000","61.0","9.0","0.14754098360655737","0.0","2.0","0.0","0.0","0.0","0.0","2.0","0.0","0","0","0","0","0","5","5","-","-","-","-","-","-","-","-","-","-","-","-","-","-","-","-","-","-"
"1368810292486938626","https://twitter.com/paulapivat/status/1368810292486938626","Thanks to @dickiebush @Nicolascole77 and @dbustac for hosting the Office Hours that inspired this.

Rewinding a bit and playing catchup to the first session.

Detailed numbers üëá","2021-03-08 06:26 +0000","60.0","1.0","0.016666666666666666","0.0","1.0","0.0","0.0","0.0","0.0","0.0","0.0","0","0","0","0","0","0","0","-","-","-","-","-","-","-","-","-","-","-","-","-","-","-","-","-","-"
"1368810289634762753","https://twitter.com/paulapivat/status/1368810289634762753","What is Data-Driven Writing?

I gathered data for 60 atomic essays.

Here's what I foundüëá https://t.co/QM5n1eL3dP","2021-03-08 06:26 +0000","288.0","48.0","0.16666666666666666","1.0","2.0","4.0","1.0","0.0","0.0","21.0","0.0","0","0","0","0","0","19","19","-","-","-","-","-","-","-","-","-","-","-","-","-","-","-","-","-","-"
"1368770147083636737","https://twitter.com/paulapivat/status/1368770147083636737","@edwardrooster thanks for sharing Edward. I find that immensely helpful...just put one foot in front of the other","2021-03-08 03:46 +0000","46.0","2.0","0.043478260869565216","0.0","0.0","1.0","0.0","0.0","0.0","1.0","0.0","0","0","0","0","0","0","0","-","-","-","-","-","-","-","-","-","-","-","-","-","-","-","-","-","-"
"1368594538164482049","https://twitter.com/paulapivat/status/1368594538164482049","Day 7/

100 pushups 
35 pull-ups

2 mi walk

Warm-up: 20 sets in 19:16 mins
4 Burpees
6 Air squats
8 Sit-ups

cc: @j8son_ @austinschless @dbustac https://t.co/n7GEQglnyL","2021-03-07 16:08 +0000","140.0","9.0","0.06428571428571428","0.0","2.0","3.0","0.0","0.0","0.0","3.0","0.0","0","0","0","0","0","1","1","-","-","-","-","-","-","-","-","-","-","-","-","-","-","-","-","-","-"
"1368397140733558790","https://twitter.com/paulapivat/status/1368397140733558790","@j8son_ awesome find indeed, beautiful view!!","2021-03-07 03:04 +0000","18.0","1.0","0.05555555555555555","0.0","0.0","1.0","0.0","0.0","0.0","0.0","0.0","0","0","0","0","0","0","0","-","-","-","-","-","-","-","-","-","-","-","-","-","-","-","-","-","-"
"1368348828718362627","https://twitter.com/paulapivat/status/1368348828718362627","@austinschless Day 6, thanks for checking in!","2021-03-06 23:52 +0000","84.0","4.0","0.047619047619047616","0.0","1.0","1.0","2.0","0.0","0.0","0.0","0.0","0","0","0","0","0","0","0","-","-","-","-","-","-","-","-","-","-","-","-","-","-","-","-","-","-"
"1368243355855982596","https://twitter.com/paulapivat/status/1368243355855982596","Creators take note üìù #ship30for30 https://t.co/746q9SbqCd","2021-03-06 16:53 +0000","784.0","5.0","0.006377551020408163","1.0","0.0","2.0","2.0","0.0","0.0","0.0","0.0","0","0","0","0","0","0","0","-","-","-","-","-","-","-","-","-","-","-","-","-","-","-","-","-","-"
"1368239828345659399","https://twitter.com/paulapivat/status/1368239828345659399","@j8son_ yah, the 4-6-8 is a solid cardio, good for warming up, i'm likin it, 

but also want to have some parts continually changing.","2021-03-06 16:39 +0000","14.0","0.0","0.0","0.0","0.0","0.0","0.0","0.0","0.0","0.0","0.0","0","0","0","0","0","0","0","-","-","-","-","-","-","-","-","-","-","-","-","-","-","-","-","-","-"
"1368238487699214337","https://twitter.com/paulapivat/status/1368238487699214337","Day 6/

60 x 5 bench
60 x 1 row
30 pull-ups

2 mi walk

Warm-up: 20 sets in 19.00 mins
4 Burpees
6 Air squats
8 Sit-ups

cc: @j8son_ https://t.co/YJcj9oGbX5","2021-03-06 16:34 +0000","241.0","11.0","0.04564315352697095","0.0","3.0","2.0","0.0","0.0","0.0","5.0","0.0","0","0","0","0","0","1","1","-","-","-","-","-","-","-","-","-","-","-","-","-","-","-","-","-","-"
"1368226933801066500","https://twitter.com/paulapivat/status/1368226933801066500","Fin/

For more on text mining with {tidytext} üì¶ 
https://t.co/eIwUpVcgaS","2021-03-06 15:48 +0000","58.0","0.0","0.0","0.0","0.0","0.0","0.0","0.0","0.0","0.0","0.0","0","0","0","0","0","0","0","-","-","-","-","-","-","-","-","-","-","-","-","-","-","-","-","-","-"
"1368226931875872770","https://twitter.com/paulapivat/status/1368226931875872770","7/

First, 52 reasons to skip pad thai: https://t.co/vwvUn6pZ6S

But, the secret to enjoy Thai food is üëâ https://t.co/ExsGIP9BFy

Also, @joshskaja makes a mean Pad Krapow Neua https://t.co/pHNoYjuFJC","2021-03-06 15:48 +0000","67.0","5.0","0.07462686567164178","0.0","1.0","1.0","0.0","3.0","0.0","0.0","0.0","0","0","0","0","0","0","0","-","-","-","-","-","-","-","-","-","-","-","-","-","-","-","-","-","-"
"1368226930151985155","https://twitter.com/paulapivat/status/1368226930151985155","6/
With basic text mining, you could learned about Thai food, getting insight from unstructured text.

Of course, you‚Äôll want to supplement the data with an actual meal.

Recommendations belowüëá","2021-03-06 15:48 +0000","51.0","1.0","0.0196078431372549","0.0","1.0","0.0","0.0","0.0","0.0","0.0","0.0","0","0","0","0","0","0","0","-","-","-","-","-","-","-","-","-","-","-","-","-","-","-","-","-","-"
"1368226927782162436","https://twitter.com/paulapivat/status/1368226927782162436","5/
If you wanted a deeper dive into just Thai salads, you could: https://t.co/5DFd9WTQ3H","2021-03-06 15:48 +0000","54.0","3.0","0.05555555555555555","0.0","1.0","0.0","0.0","0.0","0.0","0.0","0.0","0","0","0","0","0","2","2","-","-","-","-","-","-","-","-","-","-","-","-","-","-","-","-","-","-"
"1368226922640015361","https://twitter.com/paulapivat/status/1368226922640015361","4/
How about the relationship between words?

You could see ""nam"" and ""phrik"" (chili sauce) had a strong relationship. Although ""mu"" is common, ""mu"" and ""krop"" (crispy pork) are especially related. ‚Äúkhao"" and ""phat"" (fried rice) also highly related. https://t.co/pSUvbKhSvI","2021-03-06 15:48 +0000","29.0","2.0","0.06896551724137931","0.0","1.0","0.0","0.0","0.0","0.0","0.0","0.0","0","0","0","0","0","1","1","-","-","-","-","-","-","-","-","-","-","-","-","-","-","-","-","-","-"
"1368226917250260993","https://twitter.com/paulapivat/status/1368226917250260993","3/
Beyond frequency you could identify important words. One metric is the product of term frequency and inverse document frequency (tf-idf).

While pork (""mu"") is common across many dishes, other materials are ranked higher in other dish types. https://t.co/8FFVc3Q5P7","2021-03-06 15:48 +0000","31.0","2.0","0.06451612903225806","0.0","1.0","0.0","0.0","0.0","0.0","0.0","0.0","0","0","0","0","0","1","1","-","-","-","-","-","-","-","-","-","-","-","-","-","-","-","-","-","-"
"1368226911051083778","https://twitter.com/paulapivat/status/1368226911051083778","2/
Pork (""mu"") is common in many dishes, but there‚Äôs more rice (""khao"") in individual dishes and more curry (""kaeng"") in shared dishes. https://t.co/wuV1Dvc2ly","2021-03-06 15:48 +0000","34.0","4.0","0.11764705882352941","0.0","1.0","0.0","0.0","0.0","0.0","0.0","0.0","0","0","0","0","0","3","3","-","-","-","-","-","-","-","-","-","-","-","-","-","-","-","-","-","-"
"1368226904612818951","https://twitter.com/paulapivat/status/1368226904612818951","1/
You could learn about Thai food *just* from dish names.

Download names from Wikipedia, break into individual words (tokenization), tally and sort to find the most frequent words.

Pork (‚Äúmu‚Äù), curry (""kaeng""), stir-fry (""phat""), sauce (""nam""), and rice (""khao"") are top 5. https://t.co/Zmd5gGShfe","2021-03-06 15:48 +0000","43.0","5.0","0.11627906976744186","0.0","1.0","0.0","0.0","0.0","0.0","0.0","0.0","0","0","0","0","0","4","4","-","-","-","-","-","-","-","-","-","-","-","-","-","-","-","-","-","-"
"1368226900238286849","https://twitter.com/paulapivat/status/1368226900238286849","What are some applications of Text Mining?

Here's an example featuring Thai food üáπüá≠üßµüëáüòã

#rstats #tidytext","2021-03-06 15:48 +0000","247.0","30.0","0.1214574898785425","1.0","1.0","1.0","2.0","0.0","0.0","25.0","0.0","0","0","0","0","0","0","0","-","-","-","-","-","-","-","-","-","-","-","-","-","-","-","-","-","-"
"1368215936369487875","https://twitter.com/paulapivat/status/1368215936369487875","Day 60:

Text Mining and Thai Food

#ship30for30 

https://t.co/Hp1zMLRPjx","2021-03-06 15:04 +0000","137.0","51.0","0.3722627737226277","0.0","1.0","1.0","0.0","0.0","0.0","49.0","0.0","0","0","0","0","0","0","0","-","-","-","-","-","-","-","-","-","-","-","-","-","-","-","-","-","-"
"1368215737748267013","https://twitter.com/paulapivat/status/1368215737748267013","Chartsüìä

1. ‚òùÔ∏èFrequency of Word in Thai Cuisine

2. üëáFrequency in Individual vs Shared dishes
3.      Important words across sub-groupings
4.      Network of Relationship between words https://t.co/iIhIq12z1A","2021-03-06 15:03 +0000","87.0","6.0","0.06896551724137931","0.0","0.0","1.0","0.0","0.0","0.0","0.0","0.0","0","0","0","0","0","5","5","-","-","-","-","-","-","-","-","-","-","-","-","-","-","-","-","-","-"
"1368215731041529858","https://twitter.com/paulapivat/status/1368215731041529858","What does Text Mining have to do with Thai Food? üáπüá≠üçõ

Read onüòã üëá https://t.co/p2c0rbnEHX","2021-03-06 15:03 +0000","307.0","29.0","0.09446254071661238","1.0","1.0","1.0","4.0","0.0","0.0","11.0","0.0","0","0","0","0","0","11","11","-","-","-","-","-","-","-","-","-","-","-","-","-","-","-","-","-","-"
"1368102476352659458","https://twitter.com/paulapivat/status/1368102476352659458","@j8son_ way to go man, glad you squeezed one in! üî•ü¶µ","2021-03-06 07:33 +0000","27.0","1.0","0.037037037037037035","0.0","0.0","1.0","0.0","0.0","0.0","0.0","0.0","0","0","0","0","0","0","0","-","-","-","-","-","-","-","-","-","-","-","-","-","-","-","-","-","-"
"1367878477681020933","https://twitter.com/paulapivat/status/1367878477681020933","Day 5/

100 pushups
25 pullups
2 mi walk

Warm-up: 20 sets in 19.30 mins
4 Burpees
6 Air squats
8 Sit-ups

cc: @j8son_ https://t.co/nUgDOijONG","2021-03-05 16:43 +0000","237.0","8.0","0.03375527426160337","0.0","2.0","2.0","0.0","0.0","0.0","3.0","0.0","0","0","0","0","0","1","1","-","-","-","-","-","-","-","-","-","-","-","-","-","-","-","-","-","-"
"1367820231226265600","https://twitter.com/paulapivat/status/1367820231226265600","@jtleek @heyhey Thanks for sharing. I noticed a subscription box below. Just wonder if Hey is email + blog + newsletter?","2021-03-05 12:52 +0000","121.0","5.0","0.04132231404958678","0.0","1.0","0.0","1.0","0.0","0.0","3.0","0.0","0","0","0","0","0","0","0","-","-","-","-","-","-","-","-","-","-","-","-","-","-","-","-","-","-"
"1367818373078216705","https://twitter.com/paulapivat/status/1367818373078216705","@balajis How would you distinguish this from Namebase?","2021-03-05 12:44 +0000","446.0","4.0","0.008968609865470852","0.0","1.0","1.0","1.0","0.0","0.0","1.0","0.0","0","0","0","0","0","0","0","-","-","-","-","-","-","-","-","-","-","-","-","-","-","-","-","-","-"
"1367814994927046656","https://twitter.com/paulapivat/status/1367814994927046656","@theJomapi Great piece Johan! 
Not sure how u feel about the hype, but have NFTs crossed ur mind at all? I‚Äôm seeing more and more artist gravitate there..","2021-03-05 12:31 +0000","71.0","4.0","0.056338028169014086","0.0","1.0","2.0","0.0","0.0","0.0","1.0","0.0","0","0","0","0","0","0","0","-","-","-","-","-","-","-","-","-","-","-","-","-","-","-","-","-","-"
"1367814005612417025","https://twitter.com/paulapivat/status/1367814005612417025","@suthep67 I love that you‚Äôre writing about Thailand‚Äôs supernatural side!","2021-03-05 12:27 +0000","64.0","3.0","0.046875","0.0","1.0","1.0","0.0","0.0","0.0","1.0","0.0","0","0","0","0","0","0","0","-","-","-","-","-","-","-","-","-","-","-","-","-","-","-","-","-","-"
"1367812489736450054","https://twitter.com/paulapivat/status/1367812489736450054","@nicholasjkurian Very cool, is this part of an education initiative? you‚Äôve inspired an atomic essay topic for me, will share soon!","2021-03-05 12:21 +0000","70.0","2.0","0.02857142857142857","0.0","1.0","1.0","0.0","0.0","0.0","0.0","0.0","0","0","0","0","0","0","0","-","-","-","-","-","-","-","-","-","-","-","-","-","-","-","-","-","-"
"1367811886658383883","https://twitter.com/paulapivat/status/1367811886658383883","@nicholasjkurian Thank you Nicholas! I didn‚Äôt expect food to be a theme for me, but come to think of it.....I do enjoy food a lot üòãI might have  some data to make a case for why pad thai shouldn‚Äôt be the national dish lol","2021-03-05 12:19 +0000","38.0","0.0","0.0","0.0","0.0","0.0","0.0","0.0","0.0","0.0","0.0","0","0","0","0","0","0","0","-","-","-","-","-","-","-","-","-","-","-","-","-","-","-","-","-","-"
"1367810239152623616","https://twitter.com/paulapivat/status/1367810239152623616","@schmaynes 20 miles is no joke!","2021-03-05 12:12 +0000","25.0","3.0","0.12","0.0","1.0","0.0","0.0","0.0","0.0","2.0","0.0","0","0","0","0","0","0","0","-","-","-","-","-","-","-","-","-","-","-","-","-","-","-","-","-","-"
"1367809498581061632","https://twitter.com/paulapivat/status/1367809498581061632","@Gift_Tanakan @CodeNewbies Really cool way to build in public here!","2021-03-05 12:09 +0000","36.0","5.0","0.1388888888888889","0.0","1.0","2.0","0.0","0.0","0.0","2.0","0.0","0","0","0","0","0","0","0","-","-","-","-","-","-","-","-","-","-","-","-","-","-","-","-","-","-"
"1367756654800871425","https://twitter.com/paulapivat/status/1367756654800871425","Day 59:

Is meditation for you? üßò

#ship30for30 

https://t.co/GlV87aeMV1","2021-03-05 08:39 +0000","135.0","3.0","0.022222222222222223","0.0","1.0","0.0","0.0","0.0","0.0","2.0","0.0","0","0","0","0","0","0","0","-","-","-","-","-","-","-","-","-","-","-","-","-","-","-","-","-","-"
"1367756435891777539","https://twitter.com/paulapivat/status/1367756435891777539","Thanks to @KristinaNette for the prompt and inspiration for this essay.

also cc: my accountability partner @jessedee","2021-03-05 08:38 +0000","94.0","9.0","0.09574468085106383","0.0","1.0","1.0","2.0","0.0","0.0","4.0","0.0","0","0","0","0","0","1","1","-","-","-","-","-","-","-","-","-","-","-","-","-","-","-","-","-","-"
"1367756202709381121","https://twitter.com/paulapivat/status/1367756202709381121","Is meditation for you?

There are several ways to find out.

But one way stands out above the restüëá https://t.co/XPcYjac6Vw","2021-03-05 08:37 +0000","291.0","17.0","0.058419243986254296","1.0","1.0","1.0","1.0","0.0","0.0","3.0","0.0","0","0","0","0","0","10","10","-","-","-","-","-","-","-","-","-","-","-","-","-","-","-","-","-","-"
"1367493244100165632","https://twitter.com/paulapivat/status/1367493244100165632","@austinschless Kinda growin on me lol","2021-03-04 15:12 +0000","30.0","2.0","0.06666666666666667","0.0","0.0","2.0","0.0","0.0","0.0","0.0","0.0","0","0","0","0","0","0","0","-","-","-","-","-","-","-","-","-","-","-","-","-","-","-","-","-","-"
"1367454965770293249","https://twitter.com/paulapivat/status/1367454965770293249","My accountability partner @j8son_ also killin it, check out his progress:

https://t.co/fmjrbDsxs0","2021-03-04 12:40 +0000","117.0","5.0","0.042735042735042736","0.0","1.0","2.0","0.0","0.0","0.0","2.0","0.0","0","0","0","0","0","0","0","-","-","-","-","-","-","-","-","-","-","-","-","-","-","-","-","-","-"
"1367454655609925634","https://twitter.com/paulapivat/status/1367454655609925634","Day 4/

4 Burpees
6 Air squats
8 Sit-ups 
(20 sets in 19:38) - actually felt slightly easier than day 1

2 mile run
1 mile walk https://t.co/lgZ83nd0qO","2021-03-04 12:39 +0000","252.0","17.0","0.06746031746031746","0.0","4.0","2.0","0.0","0.0","0.0","10.0","0.0","0","0","0","0","0","1","1","-","-","-","-","-","-","-","-","-","-","-","-","-","-","-","-","-","-"
"1367408543058436098","https://twitter.com/paulapivat/status/1367408543058436098","@suthep67 Thank you so much üôè","2021-03-04 09:36 +0000","37.0","0.0","0.0","0.0","0.0","0.0","0.0","0.0","0.0","0.0","0.0","0","0","0","0","0","0","0","-","-","-","-","-","-","-","-","-","-","-","-","-","-","-","-","-","-"
"1367408463270219783","https://twitter.com/paulapivat/status/1367408463270219783","@theJomapi Ooh, great question, my go-to would be Kua Gai ‡∏Ñ‡∏±‡πà‡∏ß‡πÑ‡∏Å‡πà

especially if the noodles a bit burnt and sticking to the wok. 

There are variations of this, hidden gems in hole-in-the-wall type places. https://t.co/NzC6moVoav","2021-03-04 09:35 +0000","68.0","11.0","0.16176470588235295","0.0","2.0","3.0","0.0","0.0","0.0","3.0","0.0","0","0","0","0","0","3","3","-","-","-","-","-","-","-","-","-","-","-","-","-","-","-","-","-","-"
"1367377101205106688","https://twitter.com/paulapivat/status/1367377101205106688","@sscotty Thank you Steve, I appreciate youüôè","2021-03-04 07:31 +0000","40.0","6.0","0.15","0.0","0.0","1.0","0.0","0.0","0.0","4.0","0.0","0","0","0","0","0","1","1","-","-","-","-","-","-","-","-","-","-","-","-","-","-","-","-","-","-"
"1367372896046260227","https://twitter.com/paulapivat/status/1367372896046260227","@laurenancona I just re-read Meadow‚Äôs ‚ÄúLeverage Points in the System‚Äù. So much wisdom dripping out of those pages.","2021-03-04 07:14 +0000","180.0","5.0","0.027777777777777776","0.0","1.0","2.0","2.0","0.0","0.0","0.0","0.0","0","0","0","0","0","0","0","-","-","-","-","-","-","-","-","-","-","-","-","-","-","-","-","-","-"
"1367368948451143680","https://twitter.com/paulapivat/status/1367368948451143680","@cburniske @Viriav good advice here","2021-03-04 06:58 +0000","162.0","2.0","0.012345679012345678","0.0","0.0","0.0","2.0","0.0","0.0","0.0","0.0","0","0","0","0","0","0","0","-","-","-","-","-","-","-","-","-","-","-","-","-","-","-","-","-","-"
"1367368593118093312","https://twitter.com/paulapivat/status/1367368593118093312","@sscotty I listened on my lunch break. It was quite moving. Great job with this new format!","2021-03-04 06:57 +0000","117.0","6.0","0.05128205128205128","0.0","1.0","1.0","1.0","0.0","0.0","3.0","0.0","0","0","0","0","0","0","0","-","-","-","-","-","-","-","-","-","-","-","-","-","-","-","-","-","-"
"1367367047101837313","https://twitter.com/paulapivat/status/1367367047101837313","@RahilBelim7 @Binal_BP @jaimedatalatte @KenJee_DS @mt0rm0 @ShrutiJ87241031 @lepeter93 @JackRaifer @dataQueen_pend @datasciencejay @ggojedap Great idea! I should clean up my folders, too","2021-03-04 06:51 +0000","70.0","2.0","0.02857142857142857","0.0","0.0","2.0","0.0","0.0","0.0","0.0","0.0","0","0","0","0","0","0","0","-","-","-","-","-","-","-","-","-","-","-","-","-","-","-","-","-","-"
"1367361218403475460","https://twitter.com/paulapivat/status/1367361218403475460","Fin/ 

Thanks for reading!

I'll be sharing more Text Mining learning from this book in the next couple days.

This thread in essay formüëá

https://t.co/jxDKdutiT8","2021-03-04 06:28 +0000","134.0","2.0","0.014925373134328358","0.0","0.0","0.0","0.0","2.0","0.0","0.0","0.0","0","0","0","0","0","0","0","-","-","-","-","-","-","-","-","-","-","-","-","-","-","-","-","-","-"
"1367361216629202946","https://twitter.com/paulapivat/status/1367361216629202946","6/

These operations are demonstrated in Text Mining in R by @juliasilge and @drob

https://t.co/chOqTeVDIC","2021-03-04 06:28 +0000","80.0","1.0","0.0125","0.0","1.0","0.0","0.0","0.0","0.0","0.0","0.0","0","0","0","0","0","0","0","-","-","-","-","-","-","-","-","-","-","-","-","-","-","-","-","-","-"
"1367361214297174019","https://twitter.com/paulapivat/status/1367361214297174019","5/

In addition to the most common ingredients, I could also see proportion of ingredients shared btwn Individual &amp; Shared dishes https://t.co/NEdy9YRNtz","2021-03-04 06:28 +0000","92.0","9.0","0.09782608695652174","0.0","1.0","0.0","0.0","0.0","0.0","0.0","0.0","0","0","0","0","0","8","8","-","-","-","-","-","-","-","-","-","-","-","-","-","-","-","-","-","-"
"1367361209566068736","https://twitter.com/paulapivat/status/1367361209566068736","4/

I isolated individual words in each dish to see which ingredient and raw materials are most frequently used. https://t.co/Zkyg8vuggf","2021-03-04 06:28 +0000","73.0","9.0","0.1232876712328767","0.0","1.0","0.0","0.0","0.0","0.0","0.0","0.0","0","0","0","0","0","8","8","-","-","-","-","-","-","-","-","-","-","-","-","-","-","-","-","-","-"
"1367361205145194498","https://twitter.com/paulapivat/status/1367361205145194498","3/
For Example:

Building on the Thai Dishes data I scrapped off Wikipedia...

https://t.co/tsdStEPBgB","2021-03-04 06:28 +0000","86.0","3.0","0.03488372093023256","0.0","1.0","0.0","0.0","1.0","0.0","1.0","0.0","0","0","0","0","0","0","0","-","-","-","-","-","-","-","-","-","-","-","-","-","-","-","-","-","-"
"1367361203018731523","https://twitter.com/paulapivat/status/1367361203018731523","2/ 

The explicit one-token-per-row principle allows you to accomplish essential tasks like data manipulation and visualization using tools like #dplyr, #ggplot2 and other parts of the #tidyverse.","2021-03-04 06:28 +0000","116.0","1.0","0.008620689655172414","0.0","1.0","0.0","0.0","0.0","0.0","0.0","0.0","0","0","0","0","0","0","0","-","-","-","-","-","-","-","-","-","-","-","-","-","-","-","-","-","-"
"1367361200942583812","https://twitter.com/paulapivat/status/1367361200942583812","1/ 

The {tidytext} package üì¶ in R is a nice way to teach yourself text mining.

It builds on tidy data practices that's become standard in the R community. 

There are several benefits to this.","2021-03-04 06:28 +0000","95.0","4.0","0.042105263157894736","0.0","1.0","0.0","3.0","0.0","0.0","0.0","0.0","0","0","0","0","0","0","0","-","-","-","-","-","-","-","-","-","-","-","-","-","-","-","-","-","-"
"1367361199193485315","https://twitter.com/paulapivat/status/1367361199193485315","What‚Äôs the most abundant type of data?ü§î

You're looking at it. üëÄ

Unstructured text.

Want to get started with text mining? üßµüëá

#66daysofdata #Rstats","2021-03-04 06:28 +0000","1425.0","118.0","0.08280701754385965","3.0","1.0","16.0","5.0","0.0","3.0","88.0","0.0","0","0","0","0","0","2","2","-","-","-","-","-","-","-","-","-","-","-","-","-","-","-","-","-","-"
"1367354354005467140","https://twitter.com/paulapivat/status/1367354354005467140","Day 58:

Want to get started mining the most abundant data type in the world?üëá

#ship30for30 

https://t.co/jxDKdutiT8","2021-03-04 06:00 +0000","152.0","3.0","0.019736842105263157","0.0","1.0","0.0","0.0","0.0","0.0","2.0","0.0","0","0","0","0","0","0","0","-","-","-","-","-","-","-","-","-","-","-","-","-","-","-","-","-","-"
"1367354098853449729","https://twitter.com/paulapivat/status/1367354098853449729","For those interested, 

I'm using Text Mining in R üîñ

kudos to @juliasilge @drob for a very accessible resourceüôè

https://t.co/chOqTeVDIC","2021-03-04 05:59 +0000","112.0","6.0","0.05357142857142857","0.0","0.0","1.0","1.0","4.0","0.0","0.0","0.0","0","0","0","0","0","0","0","-","-","-","-","-","-","-","-","-","-","-","-","-","-","-","-","-","-"
"1367354095837663236","https://twitter.com/paulapivat/status/1367354095837663236","What's the most abundant data type and only growing by the second?

More importantly, how can you start mining it? ‚õèÔ∏èüëá https://t.co/oGqWMo7lid","2021-03-04 05:59 +0000","502.0","29.0","0.05776892430278884","1.0","2.0","1.0","4.0","0.0","0.0","11.0","0.0","0","0","0","0","0","10","10","-","-","-","-","-","-","-","-","-","-","-","-","-","-","-","-","-","-"
"1367344111028629508","https://twitter.com/paulapivat/status/1367344111028629508","@KristinaNette I try to get in 10 mins morning and evenings. 

It's tricky to articulate how it's been impactful. I don't have any data to back this up.

But the day runs smoother. If I fall out of practice, more mood wings, more on edge, things get to me more....hmm I should write this out ü§î","2021-03-04 05:20 +0000","44.0","2.0","0.045454545454545456","0.0","0.0","1.0","1.0","0.0","0.0","0.0","0.0","0","0","0","0","0","0","0","-","-","-","-","-","-","-","-","-","-","-","-","-","-","-","-","-","-"
"1367327295128530944","https://twitter.com/paulapivat/status/1367327295128530944","@Gift_Tanakan Thank you Gift! 

I learned a ton of new dishes creating this. Makes me want to try more province-specific dishes!üòã","2021-03-04 04:13 +0000","13.0","1.0","0.07692307692307693","0.0","0.0","1.0","0.0","0.0","0.0","0.0","0.0","0","0","0","0","0","0","0","-","-","-","-","-","-","-","-","-","-","-","-","-","-","-","-","-","-"
"1367325170260602886","https://twitter.com/paulapivat/status/1367325170260602886","@j8son_ Even more impressive that you did this while making dinner!!ü§Ø","2021-03-04 04:04 +0000","17.0","1.0","0.058823529411764705","0.0","0.0","1.0","0.0","0.0","0.0","0.0","0.0","0","0","0","0","0","0","0","-","-","-","-","-","-","-","-","-","-","-","-","-","-","-","-","-","-"
"1367161034868367363","https://twitter.com/paulapivat/status/1367161034868367363","@jessedee Very interesting description of luck. 

Similarly, organizations have to both 'scan the environment' and execute on their core tasks to be lucky - and it's a challenge.

Most orgs are good at doing one or the other; but it seems like you need both for lucküçÄ","2021-03-03 17:12 +0000","30.0","1.0","0.03333333333333333","0.0","0.0","1.0","0.0","0.0","0.0","0.0","0.0","0","0","0","0","0","0","0","-","-","-","-","-","-","-","-","-","-","-","-","-","-","-","-","-","-"
"1367154948702576643","https://twitter.com/paulapivat/status/1367154948702576643","@muhammetozkrca Hi Muhammet, 

here's my code: https://t.co/WXatAkM3Ga

It's based off R Graph Gallery, with a few adjustments: https://t.co/qsIjhACFxv","2021-03-03 16:48 +0000","47.0","6.0","0.1276595744680851","0.0","1.0","1.0","0.0","2.0","0.0","1.0","0.0","0","0","0","0","0","1","1","-","-","-","-","-","-","-","-","-","-","-","-","-","-","-","-","-","-"
"1367132944595226626","https://twitter.com/paulapivat/status/1367132944595226626","Behold the Dendrogram of Thai Food üáπüá≠

201 dishes you can share with 201 friends.

Free yourselves from the unreasonable tyranny of Pad Thai. 

 #dataviz #Rstats https://t.co/px4e3xHxKh","2021-03-03 15:21 +0000","1145.0","72.0","0.062882096069869","2.0","3.0","6.0","2.0","0.0","0.0","10.0","0.0","0","0","0","0","0","49","49","-","-","-","-","-","-","-","-","-","-","-","-","-","-","-","-","-","-"
"1367088640833187844","https://twitter.com/paulapivat/status/1367088640833187844","Day 3/

4 Burpees
6 Air squats
8 Sit-ups
(20 sets in 19.40 mins) - we'll see if this gets easier; my thighs are burning üî•lol  @j8son_ 

100 pushups
2 mi walk https://t.co/jFS1PjWhuR","2021-03-03 12:25 +0000","199.0","11.0","0.05527638190954774","0.0","2.0","2.0","1.0","0.0","0.0","5.0","0.0","0","0","0","0","0","1","1","-","-","-","-","-","-","-","-","-","-","-","-","-","-","-","-","-","-"
"1367077360583909377","https://twitter.com/paulapivat/status/1367077360583909377","@thebrianto Great story, I imagine that would test any relationship!üèî","2021-03-03 11:40 +0000","38.0","1.0","0.02631578947368421","0.0","0.0","1.0","0.0","0.0","0.0","0.0","0.0","0","0","0","0","0","0","0","-","-","-","-","-","-","-","-","-","-","-","-","-","-","-","-","-","-"
"1367070996297998336","https://twitter.com/paulapivat/status/1367070996297998336","If you go far enough West, you end up in the Cloud - @balajis","2021-03-03 11:14 +0000","119.0","1.0","0.008403361344537815","0.0","0.0","1.0","0.0","0.0","0.0","0.0","0.0","0","0","0","0","0","0","0","-","-","-","-","-","-","-","-","-","-","-","-","-","-","-","-","-","-"
"1367041462710362117","https://twitter.com/paulapivat/status/1367041462710362117","@_johnmackintosh I‚Äôve saved the pivot_longer page in rstudio and have returned to it at least a dozen times now üòÖ","2021-03-03 09:17 +0000","27.0","0.0","0.0","0.0","0.0","0.0","0.0","0.0","0.0","0.0","0.0","0","0","0","0","0","0","0","-","-","-","-","-","-","-","-","-","-","-","-","-","-","-","-","-","-"
"1366995120352976902","https://twitter.com/paulapivat/status/1366995120352976902","@KristinaNette Great point. I liken it to nicknames in the NBA, it‚Äôs better if others bestow the title on you.","2021-03-03 06:13 +0000","51.0","0.0","0.0","0.0","0.0","0.0","0.0","0.0","0.0","0.0","0.0","0","0","0","0","0","0","0","-","-","-","-","-","-","-","-","-","-","-","-","-","-","-","-","-","-"
"1366992194045763585","https://twitter.com/paulapivat/status/1366992194045763585","@drcharit @dickiebush @Nicolascole77 Fascinating read, I had no idea about this part of Ben‚Äôs legacy.","2021-03-03 06:01 +0000","18.0","2.0","0.1111111111111111","0.0","0.0","1.0","0.0","0.0","0.0","1.0","0.0","0","0","0","0","0","0","0","-","-","-","-","-","-","-","-","-","-","-","-","-","-","-","-","-","-"
"1366991755573305345","https://twitter.com/paulapivat/status/1366991755573305345","@drcharit Thanks for reading!","2021-03-03 06:00 +0000","23.0","0.0","0.0","0.0","0.0","0.0","0.0","0.0","0.0","0.0","0.0","0","0","0","0","0","0","0","-","-","-","-","-","-","-","-","-","-","-","-","-","-","-","-","-","-"
"1366991566242385923","https://twitter.com/paulapivat/status/1366991566242385923","@learnometrics @dbustac @austinschless üí™üèºüí™üèºüí™üèºüöÄ","2021-03-03 05:59 +0000","49.0","1.0","0.02040816326530612","0.0","0.0","1.0","0.0","0.0","0.0","0.0","0.0","0","0","0","0","0","0","0","-","-","-","-","-","-","-","-","-","-","-","-","-","-","-","-","-","-"
"1366990583688925184","https://twitter.com/paulapivat/status/1366990583688925184","@edwardrooster Inspiring to see how missions can change depending on where you are in life.","2021-03-03 05:55 +0000","94.0","4.0","0.0425531914893617","0.0","1.0","1.0","0.0","0.0","0.0","2.0","0.0","0","0","0","0","0","0","0","-","-","-","-","-","-","-","-","-","-","-","-","-","-","-","-","-","-"
"1366970747948658689","https://twitter.com/paulapivat/status/1366970747948658689","Day 57:

Amplify your impact with one question.

Repeated five times.

#ship30for30 

https://t.co/H7P2iid5vz","2021-03-03 04:36 +0000","191.0","3.0","0.015706806282722512","0.0","1.0","0.0","0.0","0.0","0.0","2.0","0.0","0","0","0","0","0","0","0","-","-","-","-","-","-","-","-","-","-","-","-","-","-","-","-","-","-"
"1366970536476090371","https://twitter.com/paulapivat/status/1366970536476090371","Everyone want to make an impact.

To AMPLIFY your impact ask the same question (at least) 5 times.

What question?üëá https://t.co/mDhvi9TfqK","2021-03-03 04:35 +0000","618.0","42.0","0.06796116504854369","1.0","1.0","5.0","0.0","0.0","0.0","12.0","0.0","0","0","0","0","0","23","23","-","-","-","-","-","-","-","-","-","-","-","-","-","-","-","-","-","-"
"1366777156408287232","https://twitter.com/paulapivat/status/1366777156408287232","@mqngo Underrated satisfaction in seeing your portfolio expandüìö","2021-03-02 15:47 +0000","45.0","7.0","0.15555555555555556","0.0","1.0","1.0","1.0","0.0","0.0","4.0","0.0","0","0","0","0","0","0","0","-","-","-","-","-","-","-","-","-","-","-","-","-","-","-","-","-","-"
"1366776498321989633","https://twitter.com/paulapivat/status/1366776498321989633","@Ryn_lamb Way to go!

Also, great idea to track your metrics mid-way through the challenge.","2021-03-02 15:44 +0000","36.0","2.0","0.05555555555555555","0.0","0.0","0.0","0.0","0.0","0.0","1.0","0.0","0","0","0","0","0","1","1","-","-","-","-","-","-","-","-","-","-","-","-","-","-","-","-","-","-"
"1366768540099874816","https://twitter.com/paulapivat/status/1366768540099874816","Fin/ 

Check out R Graph Gallery

https://t.co/Jdg9ocrP2c","2021-03-02 15:13 +0000","99.0","10.0","0.10101010101010101","0.0","0.0","1.0","0.0","9.0","0.0","0.0","0.0","0","0","0","0","0","0","0","-","-","-","-","-","-","-","-","-","-","-","-","-","-","-","-","-","-"
"1366768538384359425","https://twitter.com/paulapivat/status/1366768538384359425","6/

Celebrate your contribution to open sourceü•≥ü•≥

Essay form:
https://t.co/xK6Sltkxpj","2021-03-02 15:13 +0000","117.0","1.0","0.008547008547008548","0.0","1.0","0.0","0.0","0.0","0.0","0.0","0.0","0","0","0","0","0","0","0","-","-","-","-","-","-","-","-","-","-","-","-","-","-","-","-","-","-"
"1366768536446595075","https://twitter.com/paulapivat/status/1366768536446595075","5/

Before submitting a Pull Request, describe your changes:

1.What?
2.Why?
https://t.co/K8VosAx6xx?
4.Testing?
5.Screenshots are nice to include if changes are visible.","2021-03-02 15:13 +0000","66.0","1.0","0.015151515151515152","0.0","1.0","0.0","0.0","0.0","0.0","0.0","0.0","0","0","0","0","0","0","0","-","-","-","-","-","-","-","-","-","-","-","-","-","-","-","-","-","-"
"1366768534844399618","https://twitter.com/paulapivat/status/1366768534844399618","4/

Make your changes:

1.The maintainer will read through your code line-by-line, so it helps to be concise.

https://t.co/l9KIDRLvt0 git push --set-upstream origin name_of_new_branch

3.[In GitHub] click Compare &amp; Pull Request.","2021-03-02 15:13 +0000","47.0","1.0","0.02127659574468085","0.0","1.0","0.0","0.0","0.0","0.0","0.0","0.0","0","0","0","0","0","0","0","-","-","-","-","-","-","-","-","-","-","-","-","-","-","-","-","-","-"
"1366768533045080071","https://twitter.com/paulapivat/status/1366768533045080071","3/

https://t.co/X3TRHDjo2J git checkout -b name_of_new_branch to create a new branch, isolating your changes. 

https://t.co/tAdqlrq0Bi git branch (again) to confirm you're now on a new branch","2021-03-02 15:13 +0000","43.0","1.0","0.023255813953488372","0.0","1.0","0.0","0.0","0.0","0.0","0.0","0.0","0","0","0","0","0","0","0","-","-","-","-","-","-","-","-","-","-","-","-","-","-","-","-","-","-"
"1366768531489001473","https://twitter.com/paulapivat/status/1366768531489001473","2/ 

In the command line:

1.navigate into the dedicated folder

https://t.co/l9KIDRLvt0 git branch to confirm you're on the master branch","2021-03-02 15:13 +0000","43.0","1.0","0.023255813953488372","0.0","1.0","0.0","0.0","0.0","0.0","0.0","0.0","0","0","0","0","0","0","0","-","-","-","-","-","-","-","-","-","-","-","-","-","-","-","-","-","-"
"1366768529530187782","https://twitter.com/paulapivat/status/1366768529530187782","1/ 

Start in ur GitHub account w/ a Code Editor (i.e., VSCode) nearby. 

1.Identify a project on GitHub
2.Fork the project 
3.Clone the repository to your local machine in a dedicated folder","2021-03-02 15:13 +0000","71.0","1.0","0.014084507042253521","0.0","1.0","0.0","0.0","0.0","0.0","0.0","0.0","0","0","0","0","0","0","0","-","-","-","-","-","-","-","-","-","-","-","-","-","-","-","-","-","-"
"1366768527529533440","https://twitter.com/paulapivat/status/1366768527529533440","One of my favorite projects is R Graph Gallery.

It's been my go-to resource for learning #dataviz #RStats 

If you're thinking abt #OpenSource, I highly recommend it. üëáüßµ https://t.co/kHdEa0UYKy","2021-03-02 15:13 +0000","1197.0","100.0","0.0835421888053467","3.0","1.0","5.0","0.0","1.0","0.0","51.0","0.0","0","0","0","0","0","39","39","-","-","-","-","-","-","-","-","-","-","-","-","-","-","-","-","-","-"
"1366762938518790150","https://twitter.com/paulapivat/status/1366762938518790150","@austinschless @j8son_ üíØ The single digits had me fooled.

Then the ""20 minutes on the minute"" part kicks in üî•","2021-03-02 14:50 +0000","30.0","6.0","0.2","0.0","1.0","1.0","0.0","0.0","0.0","4.0","0.0","0","0","0","0","0","0","0","-","-","-","-","-","-","-","-","-","-","-","-","-","-","-","-","-","-"
"1366761668005359623","https://twitter.com/paulapivat/status/1366761668005359623","Day 2/

4 Burpees
6 Air squats
8 sit-ups

20 sets in 23 mins (this was no joke @austinschless !)

Then a 2 mile walk.

cc: @j8son_ https://t.co/MmSU1VJVj9","2021-03-02 14:45 +0000","227.0","12.0","0.05286343612334802","0.0","2.0","2.0","0.0","0.0","0.0","5.0","0.0","0","0","0","0","0","3","3","-","-","-","-","-","-","-","-","-","-","-","-","-","-","-","-","-","-"
"1366751778578993153","https://twitter.com/paulapivat/status/1366751778578993153","@jessedee Amazing story.

If it results in a good story, it's probably not all that badüòé","2021-03-02 14:06 +0000","67.0","3.0","0.04477611940298507","0.0","1.0","2.0","0.0","0.0","0.0","0.0","0.0","0","0","0","0","0","0","0","-","-","-","-","-","-","-","-","-","-","-","-","-","-","-","-","-","-"
"1366747628197736448","https://twitter.com/paulapivat/status/1366747628197736448","Day 56:

Pretty stoked to make my first open source contribution to one of my favorite projects:

#ship30for30 
https://t.co/xK6Sltkxpj","2021-03-02 13:50 +0000","145.0","4.0","0.027586206896551724","0.0","1.0","1.0","0.0","0.0","0.0","2.0","0.0","0","0","0","0","0","0","0","-","-","-","-","-","-","-","-","-","-","-","-","-","-","-","-","-","-"
"1366747230770659341","https://twitter.com/paulapivat/status/1366747230770659341","It's a beautiful day. ‚õÖÔ∏è

For an open source contribution.

How? 

Read onüëá https://t.co/HP5DLlKJIn","2021-03-02 13:48 +0000","370.0","19.0","0.051351351351351354","1.0","0.0","1.0","0.0","0.0","0.0","5.0","0.0","0","0","0","0","0","12","12","-","-","-","-","-","-","-","-","-","-","-","-","-","-","-","-","-","-"
"1366671687891099648","https://twitter.com/paulapivat/status/1366671687891099648","PR submitted:

https://t.co/t4DjFzP0kZ

Thank you again for this valuable resource!üôè","2021-03-02 08:48 +0000","72.0","0.0","0.0","0.0","0.0","0.0","0.0","0.0","0.0","0.0","0.0","0","0","0","0","0","0","0","-","-","-","-","-","-","-","-","-","-","-","-","-","-","-","-","-","-"
"1366671686020464641","https://twitter.com/paulapivat/status/1366671686020464641","I knitted 339-circular-dendrogram-with-ggraph.Rmd and found it wasn't displaying properly, so I made a tweak:

Original vs Update https://t.co/f2VTU01QJl","2021-03-02 08:48 +0000","91.0","5.0","0.054945054945054944","0.0","1.0","0.0","0.0","0.0","0.0","0.0","0.0","0","0","0","0","0","4","4","-","-","-","-","-","-","-","-","-","-","-","-","-","-","-","-","-","-"
"1366671681851285506","https://twitter.com/paulapivat/status/1366671681851285506","Hi Yan, thank you for creating and maintaining the @R_Graph_Gallery. 

It's been tremendously educational for me to learn from your examples. üôè

I noticed a slight issue with geom_node_text for Circular Dendrograms, so I made a pull request. 

Detail üëá

 #rstats","2021-03-02 08:48 +0000","711.0","11.0","0.015471167369901548","2.0","1.0","0.0","4.0","0.0","0.0","4.0","0.0","0","0","0","0","0","0","0","-","-","-","-","-","-","-","-","-","-","-","-","-","-","-","-","-","-"
"1366645867839516673","https://twitter.com/paulapivat/status/1366645867839516673","@EmperorTikki Thank you so much for reading!","2021-03-02 07:05 +0000","11.0","0.0","0.0","0.0","0.0","0.0","0.0","0.0","0.0","0.0","0.0","0","0","0","0","0","0","0","-","-","-","-","-","-","-","-","-","-","-","-","-","-","-","-","-","-"
"1366644284863123456","https://twitter.com/paulapivat/status/1366644284863123456","It's a beautiful day to make an open source contribution.","2021-03-02 06:59 +0000","122.0","3.0","0.02459016393442623","0.0","0.0","1.0","2.0","0.0","0.0","0.0","0.0","0","0","0","0","0","0","0","-","-","-","-","-","-","-","-","-","-","-","-","-","-","-","-","-","-"
"1366571060578017280","https://twitter.com/paulapivat/status/1366571060578017280","@jessedee @American_Heart Healthy looking!üí™","2021-03-02 02:08 +0000","21.0","0.0","0.0","0.0","0.0","0.0","0.0","0.0","0.0","0.0","0.0","0","0","0","0","0","0","0","-","-","-","-","-","-","-","-","-","-","-","-","-","-","-","-","-","-"
"1366565482858340354","https://twitter.com/paulapivat/status/1366565482858340354","The @American_Heart association suggests the best way to get vitamins, minerals and nutrients is to add color to your plate each day (from fruits and veggies).

For a colorful dish see here üëáüëá I see basil leaves (krapow), bell peppers, garlic...yummüòã https://t.co/ofVfp2T4ap","2021-03-02 01:46 +0000","479.0","4.0","0.008350730688935281","0.0","1.0","1.0","1.0","0.0","0.0","1.0","0.0","0","0","0","0","0","0","0","-","-","-","-","-","-","-","-","-","-","-","-","-","-","-","-","-","-"
"1366564383493484545","https://twitter.com/paulapivat/status/1366564383493484545","@joshskaja Look at those colors!!üëèüëèüëèüëèüëèüòã","2021-03-02 01:41 +0000","49.0","2.0","0.04081632653061224","0.0","0.0","2.0","0.0","0.0","0.0","0.0","0.0","0","0","0","0","0","0","0","-","-","-","-","-","-","-","-","-","-","-","-","-","-","-","-","-","-"
"1366411106428674050","https://twitter.com/paulapivat/status/1366411106428674050","@sscotty Thanks for sharingüôè, I'll give it another shotüëç","2021-03-01 15:32 +0000","28.0","2.0","0.07142857142857142","0.0","0.0","1.0","1.0","0.0","0.0","0.0","0.0","0","0","0","0","0","0","0","-","-","-","-","-","-","-","-","-","-","-","-","-","-","-","-","-","-"
"1366408625367908355","https://twitter.com/paulapivat/status/1366408625367908355","@gumroad @shl @RandallKanna @jmikolay @ljin18 @AtelierVentures @Viriav u might like this","2021-03-01 15:22 +0000","204.0","2.0","0.00980392156862745","1.0","0.0","0.0","1.0","0.0","0.0","0.0","0.0","0","0","0","0","0","0","0","-","-","-","-","-","-","-","-","-","-","-","-","-","-","-","-","-","-"
"1366407986374082564","https://twitter.com/paulapivat/status/1366407986374082564","@sscotty Would love to know your experience using Hey, Steve. I was intrigued but wasn‚Äôt sure what the benefits are. ü§î","2021-03-01 15:20 +0000","39.0","2.0","0.05128205128205128","0.0","1.0","0.0","1.0","0.0","0.0","0.0","0.0","0","0","0","0","0","0","0","-","-","-","-","-","-","-","-","-","-","-","-","-","-","-","-","-","-"
"1366407253490733056","https://twitter.com/paulapivat/status/1366407253490733056","@mjm11 Here‚Äôs a follow up post. Turns out there are 4X more shared dishes to visualize: https://t.co/PvFIZP7rG4","2021-03-01 15:17 +0000","108.0","2.0","0.018518518518518517","1.0","0.0","1.0","0.0","0.0","0.0","0.0","0.0","0","0","0","0","0","0","0","-","-","-","-","-","-","-","-","-","-","-","-","-","-","-","-","-","-"
"1366406774408966145","https://twitter.com/paulapivat/status/1366406774408966145","@SithJs Thanks for reading and sharing! Here‚Äôs a follow up to that post https://t.co/PvFIZP7rG4","2021-03-01 15:15 +0000","22.0","0.0","0.0","0.0","0.0","0.0","0.0","0.0","0.0","0.0","0.0","0","0","0","0","0","0","0","-","-","-","-","-","-","-","-","-","-","-","-","-","-","-","-","-","-"
"1366404394124648453","https://twitter.com/paulapivat/status/1366404394124648453","Day 1/ 

Hey @j8son_ good to be accountability partners with you. Btw, i'm in BKK, so my posting times might be a bit funky.

My workout today was cardio - jogged 2 miles, walked 1.5 mi. https://t.co/AZEIF4rhUu","2021-03-01 15:06 +0000","402.0","15.0","0.03731343283582089","1.0","1.0","4.0","1.0","0.0","0.0","3.0","0.0","0","0","0","0","0","5","5","-","-","-","-","-","-","-","-","-","-","-","-","-","-","-","-","-","-"
"1366404388143595521","https://twitter.com/paulapivat/status/1366404388143595521","For the next 30 days I'm posting my workouts with these fine gentlemen üí™ @austinschless , @dbustac https://t.co/moKEUZc9jX","2021-03-01 15:06 +0000","1388.0","54.0","0.03890489913544669","1.0","2.0","8.0","5.0","0.0","0.0","26.0","0.0","0","0","0","0","0","12","12","-","-","-","-","-","-","-","-","-","-","-","-","-","-","-","-","-","-"
"1366391081957433347","https://twitter.com/paulapivat/status/1366391081957433347","@garyvee This episode with @mcuban on @BanklessHQ https://t.co/CTpwpbvnfr","2021-03-01 14:13 +0000","5815.0","120.0","0.02063628546861565","3.0","1.0","20.0","9.0","19.0","0.0","68.0","0.0","0","0","0","0","0","0","0","-","-","-","-","-","-","-","-","-","-","-","-","-","-","-","-","-","-"
"1366390867334893575","https://twitter.com/paulapivat/status/1366390867334893575","@jessedee We‚Äôll celebrate the final atomic essay for this round with noodles üçú","2021-03-01 14:12 +0000","38.0","2.0","0.05263157894736842","0.0","1.0","1.0","0.0","0.0","0.0","0.0","0.0","0","0","0","0","0","0","0","-","-","-","-","-","-","-","-","-","-","-","-","-","-","-","-","-","-"
"1366390616343474178","https://twitter.com/paulapivat/status/1366390616343474178","@jessedee Done ‚úÖ!","2021-03-01 14:11 +0000","11.0","1.0","0.09090909090909091","0.0","0.0","1.0","0.0","0.0","0.0","0.0","0.0","0","0","0","0","0","0","0","-","-","-","-","-","-","-","-","-","-","-","-","-","-","-","-","-","-"
"1366386980515311629","https://twitter.com/paulapivat/status/1366386980515311629","Day 55:

What's the secret to enjoying Thai Food?

Let Joey Tribbiani from friends clue you in:

#ship30for30 
https://t.co/tsdStEPBgB","2021-03-01 13:56 +0000","174.0","12.0","0.06896551724137931","0.0","3.0","4.0","0.0","0.0","0.0","5.0","0.0","0","0","0","0","0","0","0","-","-","-","-","-","-","-","-","-","-","-","-","-","-","-","-","-","-"
"1366386290170548227","https://twitter.com/paulapivat/status/1366386290170548227","@jessedee Great message Jesse! I'd love to learn to do this better myself!","2021-03-01 13:54 +0000","147.0","4.0","0.027210884353741496","0.0","1.0","2.0","1.0","0.0","0.0","0.0","0.0","0","0","0","0","0","0","0","-","-","-","-","-","-","-","-","-","-","-","-","-","-","-","-","-","-"
"1366385027001380865","https://twitter.com/paulapivat/status/1366385027001380865","What's the secret to enjoying Thai food?

Here's a hint:

On the wikipedia entry for Thai dishes, there are 4X more shared dishes than individual dishesü§î

Read onüëá https://t.co/RJTh4C5ELV","2021-03-01 13:49 +0000","604.0","67.0","0.11092715231788079","1.0","0.0","7.0","0.0","0.0","0.0","19.0","0.0","0","0","0","0","0","40","40","-","-","-","-","-","-","-","-","-","-","-","-","-","-","-","-","-","-"
"1366199044897349633","https://twitter.com/paulapivat/status/1366199044897349633","@mikelambpdx Happy birthday Mike!","2021-03-01 01:30 +0000","70.0","3.0","0.04285714285714286","0.0","1.0","2.0","0.0","0.0","0.0","0.0","0.0","0","0","0","0","0","0","0","-","-","-","-","-","-","-","-","-","-","-","-","-","-","-","-","-","-"
